{"XSS\\CVE-2021-25963_3.py": 1758865815.23264, "SQLInjection\\89_DS-9_vul.py": 1759054083.870835, "SQLInjection\\89_DS-14_vul.py": 1759054083.8808355, "PathTraversal\\CVE-2025-27519.py": 1758865814.9793952, "XSS\\CVE-2024-5711_1.py": 1758865815.155041, "CommandInjection\\77_DS-1_vul.py": 1759054083.6160536, "SQLInjection\\89_DS-17_vul.py": 1759054083.8928344, "PathTraversal\\CVE-2023-42819_5.py": 1758865815.0259519, "SQLInjection\\CVE-2023-30605.py": 1758865815.094532, "Deserialization\\502_DS-1_vul.py": 1759054083.6748006, "SQLInjection\\89_DS-13_vul.py": 1759054083.878865, "Deserialization\\502_DS-5_vul.py": 1759054083.6810846, "SQLInjection\\89_DS-19_vul.py": 1759054083.8898342, "PathTraversal\\CVE-2024-5548_1.py": 1758865814.983502, "CodeInjection\\94_DS-3_vul.py": 1759054083.5271525, "SQLInjection\\CVE-2024-25722_6.py": 1758865815.0828679, "PathTraversal\\CVE-2023-42819_0.py": 1758865815.0044055, "XSS\\CVE-2023-27494_1.py": 1758865815.163041, "XSS\\CVE-2023-6568_1.py": 1758865815.179041, "CommandInjection\\77_DS-2_vul.py": 1759054083.6180534, "SQLInjection\\89_DS-2_vul.py": 1759054083.8537796, "SQLInjection\\89_DS-3_vul.py": 1759054083.855779, "XSS\\CVE-2024-5711_3.py": 1758865815.1570437, "PathTraversal\\CVE-2024-5548_3.py": 1758865814.9853964, "SQLInjection\\CVE-2024-25722_2.py": 1758865815.0690114, "SQLInjection\\89_DS-15_vul.py": 1759054083.8838356, "XSS\\CVE-2018-15634_0.py": 1758865871.9491045, "XSS\\CVE-2022-24710_0.py": 1758865815.1950412, "XSS\\CVE-2021-26947_0.py": 1758865815.2000415, "Deserialization\\502_DS-15_vul.py": 1759054083.6917708, "PathTraversal\\CVE-2023-42819_4.py": 1758865815.023953, "PathTraversal\\CVE-2022-35920_1.py": 1758865815.0349536, "SQLInjection\\89_DS-10_vul.py": 1759054083.8728352, "SQLInjection\\CVE-2023-30557.py": 1758865815.0989861, "XSS\\CVE-2021-25963_4.py": 1758865815.2336402, "CodeInjection\\94_DS-13_vul.py": 1759054083.5419457, "SQLInjection\\89_DS-20_vul.py": 1759054083.8888328, "Deserialization\\CVE-2023-50943.py": 1758865814.9773953, "SQLInjection\\89_DS-18_vul.py": 1759054083.8918335, "CodeInjection\\94_DS-7_vul.py": 1759054083.534948, "SQLInjection\\89_DS-16_vul.py": 1759054083.8858345, "XSS\\CVE-2024-7008.py": 1758865815.1510408, "CodeInjection\\94_DS-19_vul.py": 1759054083.5499458, "CodeInjection\\94_DS-20_vul.py": 1759054083.5519612, "SQLInjection\\89_DS-6_vul.py": 1759054083.8638554, "PathTraversal\\CVE-2021-41185_0.py": 1758865815.050954, "XSS\\CVE-2022-24710_1.py": 1758865815.197042, "CommandInjection\\77_DS-16_vul.py": 1759054083.6618037, "XSS\\CVE-2024-39863.py": 1758865815.1480412, "SQLInjection\\CVE-2024-25722_0.py": 1758865815.06137, "CommandInjection\\77_DS-18_vul.py": 1759054083.6658025, "CodeInjection\\94_DS-9_vul.py": 1759054083.537946, "CommandInjection\\77_DS-8_vul.py": 1759054083.628052, "CommandInjection\\77_DS-9_vul.py": 1759054083.630054, "CommandInjection\\CVE-2021-43857_2.py": 1758865814.9733944, "SQLInjection\\CVE-2024-25722_3.py": 1758865815.072012, "SQLInjection\\CVE-2024-4890.py": 1758865815.0904193, "CommandInjection\\CVE-2021-43857_1.py": 1758865814.968385, "XSS\\CVE-2021-25963_1.py": 1758865815.2306404, "Deserialization\\502_DS-8_vul.py": 1759054083.6850848, "CodeInjection\\94_DS-2_vul.py": 1759054083.5251513, "CodeInjection\\94_DS-17_vul.py": 1759054083.5469456, "CommandInjection\\77_DS-19_vul.py": 1759054083.666802, "CommandInjection\\77_DS-7_vul.py": 1759054083.6260529, "CommandInjection\\77_DS-11_vul.py": 1759054083.6330528, "XSS\\CVE-2023-6568_0.py": 1758865815.168041, "CodeInjection\\94_DS-1_vul.py": 1759054080.988321, "PathTraversal\\CVE-2022-35920_0.py": 1758865815.0319524, "PathTraversal\\CVE-2021-43775.py": 1758865815.0429518, "XSS\\CVE-2021-25963_6.py": 1758865815.2369785, "PathTraversal\\CVE-2023-42819_1.py": 1758865815.0164058, "CodeInjection\\94_DS-18_vul.py": 1759054083.5489464, "CodeInjection\\94_DS-10_vul.py": 1759054083.5399454, "CommandInjection\\77_DS-12_vul.py": 1759054083.6350539, "SQLInjection\\89_DS-1_vul.py": 1759054083.85078, "CodeInjection\\94_DS-4_vul.py": 1759054083.5299706, "XSS\\CVE-2024-41675.py": 1758865815.110506, "Deserialization\\502_DS-3_vul.py": 1759054083.6770513, "CodeInjection\\94_DS-14_vul.py": 1759054083.5439484, "XSS\\CVE-2021-26947_1.py": 1758865815.2250557, "Deserialization\\502_DS-9_vul.py": 1759054083.686086, "SQLInjection\\89_DS-5_vul.py": 1759054083.8607805, "CodeInjection\\94_DS-8_vul.py": 1759054083.5369458, "Deserialization\\502_DS-2_vul.py": 1759054083.6759613, "XSS\\CVE-2018-15634_1.py": 1758865871.9684749, "PathTraversal\\CVE-2024-5926.py": 1758865814.981394, "SQLInjection\\CVE-2024-25722_1.py": 1758865815.0653727, "XSS\\CVE-2021-25963_2.py": 1758865815.2316403, "SQLInjection\\89_DS-12_vul.py": 1759054083.8768358, "XSS\\CVE-2023-6568_2.py": 1758865815.1910417, "Deserialization\\502_DS-10_vul.py": 1759054083.688084, "SQLInjection\\89_DS-8_vul.py": 1759054083.868834, "SQLInjection\\CVE-2024-25722_4.py": 1758865815.0750115, "XSS\\CVE-2023-27494_0.py": 1758865815.1610408, "PathTraversal\\CVE-2022-23522.py": 1758865815.0409527, "Deserialization\\502_DS-7_vul.py": 1759054083.683086, "CodeInjection\\94_DS-16_vul.py": 1759054083.545946, "PathTraversal\\CVE-2021-41185_1.py": 1758865815.0573707, "SQLInjection\\89_DS-7_vul.py": 1759054083.866834, "PathTraversal\\CVE-2023-50265.py": 1758865814.9993951, "CommandInjection\\77_DS-6_vul.py": 1759054083.6240518, "PathTraversal\\CVE-2023-42819_3.py": 1758865815.020958, "CommandInjection\\77_DS-17_vul.py": 1759054083.663803, "CommandInjection\\77_DS-3_vul.py": 1759054083.6190524, "SQLInjection\\CVE-2024-25722_5.py": 1758865815.078869, "CommandInjection\\77_DS-20_vul.py": 1759054083.6688015, "CodeInjection\\94_DS-6_vul.py": 1759054083.5329473, "CommandInjection\\CVE-2021-43857_0.py": 1758865814.9622726, "PathTraversal\\CVE-2024-1561.py": 1758865814.9963934, "XSS\\CVE-2021-25963_5.py": 1758865815.2356422, "Deserialization\\502_DS-4_vul.py": 1759054083.6780374, "XSS\\CVE-2021-25963_0.py": 1758865815.22864, "CommandInjection\\77_DS-10_vul.py": 1759054083.6310537, "Deserialization\\502_DS-6_vul.py": 1759054083.6820846, "CodeInjection\\94_DS-5_vul.py": 1759054083.5319486, "CommandInjection\\77_DS-13_vul.py": 1759054083.650054, "XSS\\CVE-2024-5711_4.py": 1758865815.1580424, "PathTraversal\\CVE-2022-35918.py": 1758865815.037953, "PathTraversal\\CVE-2024-5548_2.py": 1758865814.9843984, "PathTraversal\\CVE-2023-50264.py": 1758865815.0024054, "PathTraversal\\CVE-2023-30620.py": 1758865815.0289516}