{"XSS\\CVE-2021-25963_0.py": 1758865815.22864, "XSS\\CVE-2024-5711_2.py": 1758865815.1560411, "XSS\\CVE-2024-39863.py": 1758865815.1480412, "XSS\\CVE-2021-25963_5.py": 1758865815.2356422, "SQLInjection\\CVE-2024-25722_3.py": 1758865815.072012, "XSS\\CVE-2023-27494_1.py": 1758865815.163041, "XSS\\CVE-2021-26947_0.py": 1758865815.2000415, "SQLInjection\\CVE-2023-30557.py": 1758865815.0989861, "CommandInjection\\CVE-2021-43857_1.py": 1758865814.968385, "PathTraversal\\CVE-2023-50264.py": 1758865815.0024054, "XSS\\CVE-2018-1000559.py": 1758865815.2409651, "PathTraversal\\CVE-2024-5548_1.py": 1758865814.983502, "SQLInjection\\CVE-2024-25722_4.py": 1758865815.0750115, "XSS\\CVE-2021-25963_3.py": 1758865815.23264, "XSS\\CVE-2023-6568_1.py": 1758865815.179041, "CodeInjection\\CVE-2023-38941.py": 1758865814.9558094, "SQLInjection\\CVE-2024-25722_6.py": 1758865815.0828679, "SQLInjection\\CVE-2023-30605.py": 1758865815.094532, "PathTraversal\\CVE-2022-35918.py": 1758865815.037953, "PathTraversal\\CVE-2024-5548_0.py": 1758865814.9823935, "PathTraversal\\CVE-2024-5548_3.py": 1758865814.9853964, "XSS\\CVE-2022-24710_1.py": 1758865815.197042, "PathTraversal\\CVE-2024-5548_2.py": 1758865814.9843984, "XSS\\CVE-2024-41675.py": 1758865815.110506, "XSS\\CVE-2022-24710_0.py": 1758865815.1950412, "SQLInjection\\CVE-2024-4890.py": 1758865815.0904193, "PathTraversal\\CVE-2024-5926.py": 1758865814.981394, "PathTraversal\\CVE-2023-30620.py": 1758865815.0289516, "PathTraversal\\CVE-2022-35920_0.py": 1758865815.0319524, "PathTraversal\\CVE-2023-42819_2.py": 1758865815.0194058, "SQLInjection\\CVE-2024-25722_2.py": 1758865815.0690114, "PathTraversal\\CVE-2021-43775.py": 1758865815.0429518, "PathTraversal\\CVE-2022-23522.py": 1758865815.0409527, "XSS\\CVE-2021-25963_4.py": 1758865815.2336402, "XSS\\CVE-2018-15635.py": 1758865838.177621, "PathTraversal\\CVE-2022-35920_1.py": 1758865815.0349536, "XSS\\CVE-2023-6568_0.py": 1758865815.168041, "XSS\\CVE-2023-27494_0.py": 1758865815.1610408, "XSS\\CVE-2024-5711_0.py": 1758865815.154041, "XSS\\CVE-2022-39348.py": 1758865815.1930408, "PathTraversal\\CVE-2023-42819_3.py": 1758865815.020958, "PathTraversal\\CVE-2023-50265.py": 1758865814.9993951, "CommandInjection\\CVE-2021-43857_0.py": 1758865814.9622726, "XSS\\CVE-2021-25963_6.py": 1758865815.2369785, "PathTraversal\\CVE-2021-41185_1.py": 1758865815.0573707, "SQLInjection\\CVE-2024-25722_1.py": 1758865815.0653727, "XSS\\CVE-2024-5711_3.py": 1758865815.1570437, "XSS\\CVE-2024-7008.py": 1758865815.1510408, "XSS\\CVE-2021-25963_2.py": 1758865815.2316403, "XSS\\CVE-2024-5711_4.py": 1758865815.1580424, "PathTraversal\\CVE-2025-27519.py": 1758865814.9793952, "PathTraversal\\CVE-2023-42819_5.py": 1758865815.0259519, "XSS\\CVE-2018-15634_1.py": 1758865871.9684749, "XSS\\CVE-2021-26947_1.py": 1758865815.2250557, "Deserialization\\CVE-2023-50943.py": 1758865814.9773953, "CommandInjection\\CVE-2021-43857_2.py": 1758865814.9733944, "CodeInjection\\CVE-2024-11662.py": 1758865814.9528122, "PathTraversal\\CVE-2024-1561.py": 1758865814.9963934, "XSS\\CVE-2018-15634_0.py": 1758865871.9491045, "PathTraversal\\CVE-2023-42819_4.py": 1758865815.023953, "PathTraversal\\CVE-2023-42819_0.py": 1758865815.0044055}