{"XSS\\CVE-2021-25963_6.py": 1758865815.2369785, "PathTraversal\\CVE-2024-5548_3.py": 1758865814.9853964, "PathTraversal\\CVE-2023-50265.py": 1758865814.9993951, "XSS\\CVE-2023-6568_0.py": 1758865815.168041, "PathTraversal\\CVE-2022-23522.py": 1758865815.0409527, "XSS\\CVE-2024-39863.py": 1758865815.1480412, "XSS\\CVE-2021-25963_1.py": 1758865815.2306404, "XSS\\CVE-2023-27494_1.py": 1758865815.163041, "PathTraversal\\CVE-2023-42819_1.py": 1758865815.0164058, "PathTraversal\\CVE-2024-5548_0.py": 1758865814.9823935, "XSS\\CVE-2022-24710_0.py": 1758865815.1950412, "CommandInjection\\CVE-2021-43857_0.py": 1758865814.9622726, "PathTraversal\\CVE-2023-42819_4.py": 1758865815.023953, "XSS\\CVE-2018-15634_0.py": 1758865871.9491045, "SQLInjection\\CVE-2024-4890.py": 1758865815.0904193, "XSS\\CVE-2021-25963_2.py": 1758865815.2316403, "XSS\\CVE-2023-6568_2.py": 1758865815.1910417, "PathTraversal\\CVE-2024-5926.py": 1758865814.981394, "CodeInjection\\CVE-2024-11662.py": 1758865814.9528122, "PathTraversal\\CVE-2023-42819_5.py": 1758865815.0259519, "SQLInjection\\CVE-2024-25722_1.py": 1758865815.0653727, "XSS\\CVE-2018-15635.py": 1758865838.177621, "SQLInjection\\CVE-2024-25722_3.py": 1758865815.072012, "PathTraversal\\CVE-2024-5548_1.py": 1758865814.983502, "PathTraversal\\CVE-2022-35920_1.py": 1758865815.0349536, "XSS\\CVE-2018-15634_1.py": 1758865871.9684749, "SQLInjection\\CVE-2024-25722_2.py": 1758865815.0690114, "XSS\\CVE-2021-26947_1.py": 1758865815.2250557, "SQLInjection\\CVE-2023-30557.py": 1758865815.0989861, "XSS\\CVE-2024-5711_3.py": 1758865815.1570437, "XSS\\CVE-2024-5711_0.py": 1758865815.154041, "PathTraversal\\CVE-2022-35918.py": 1758865815.037953, "SQLInjection\\CVE-2023-30605.py": 1758865815.094532, "PathTraversal\\CVE-2022-35920_0.py": 1758865815.0319524, "XSS\\CVE-2018-1000559.py": 1758865815.2409651, "XSS\\CVE-2022-24710_1.py": 1758865815.197042, "XSS\\CVE-2024-5711_2.py": 1758865815.1560411, "SQLInjection\\CVE-2024-25722_0.py": 1758865815.06137, "SQLInjection\\CVE-2023-30558.py": 1758865815.0969887, "PathTraversal\\CVE-2023-42819_0.py": 1758865815.0044055, "PathTraversal\\CVE-2021-41185_0.py": 1758865815.050954, "PathTraversal\\CVE-2023-30620.py": 1758865815.0289516, "SQLInjection\\CVE-2024-25722_5.py": 1758865815.078869, "XSS\\CVE-2024-41675.py": 1758865815.110506, "PathTraversal\\CVE-2021-41185_1.py": 1758865815.0573707, "XSS\\CVE-2024-5711_1.py": 1758865815.155041, "PathTraversal\\CVE-2025-27519.py": 1758865814.9793952, "PathTraversal\\CVE-2024-1561.py": 1758865814.9963934, "SQLInjection\\CVE-2024-25722_4.py": 1758865815.0750115, "XSS\\CVE-2021-25963_0.py": 1758865815.22864, "SQLInjection\\CVE-2024-25722_6.py": 1758865815.0828679, "PathTraversal\\CVE-2023-50264.py": 1758865815.0024054, "XSS\\CVE-2021-25963_3.py": 1758865815.23264, "CodeInjection\\CVE-2023-38941.py": 1758865814.9558094, "XSS\\CVE-2021-26947_0.py": 1758865815.2000415, "CommandInjection\\CVE-2021-43857_1.py": 1758865814.968385, "XSS\\CVE-2023-6568_1.py": 1758865815.179041, "Deserialization\\CVE-2023-50943.py": 1758865814.9773953, "XSS\\CVE-2021-25963_4.py": 1758865815.2336402, "PathTraversal\\CVE-2021-43775.py": 1758865815.0429518, "CommandInjection\\CVE-2021-43857_2.py": 1758865814.9733944, "CodeInjection\\94_DS-1_vul.py": 1759054080.988321, "CodeInjection\\94_DS-16_vul.py": 1759054083.545946, "CommandInjection\\77_DS-16_vul.py": 1759054083.6618037, "SQLInjection\\89_DS-18_vul.py": 1759054083.8918335, "CodeInjection\\94_DS-7_vul.py": 1759054083.534948, "XSS\\CVE-2024-5711_4.py": 1758865815.1580424, "Deserialization\\502_DS-9_vul.py": 1759054083.686086, "SQLInjection\\89_DS-13_vul.py": 1759054083.878865, "CommandInjection\\77_DS-2_vul.py": 1759054083.6180534, "CodeInjection\\94_DS-17_vul.py": 1759054083.5469456, "SQLInjection\\89_DS-11_vul.py": 1759054083.8748343, "SQLInjection\\89_DS-15_vul.py": 1759054083.8838356, "Deserialization\\502_DS-6_vul.py": 1759054083.6820846, "SQLInjection\\89_DS-1_vul.py": 1759054083.85078, "CodeInjection\\94_DS-4_vul.py": 1759054083.5299706, "XSS\\CVE-2022-39348.py": 1758865815.1930408, "CommandInjection\\77_DS-10_vul.py": 1759054083.6310537, "SQLInjection\\89_DS-9_vul.py": 1759054083.870835, "SQLInjection\\89_DS-14_vul.py": 1759054083.8808355, "CommandInjection\\77_DS-20_vul.py": 1759054083.6688015, "CodeInjection\\94_DS-5_vul.py": 1759054083.5319486, "CodeInjection\\94_DS-12_vul.py": 1759054083.5409465, "SQLInjection\\89_DS-16_vul.py": 1759054083.8858345, "CodeInjection\\94_DS-6_vul.py": 1759054083.5329473, "Deserialization\\502_DS-10_vul.py": 1759054083.688084, "SQLInjection\\89_DS-4_vul.py": 1759054083.8587792, "Deserialization\\502_DS-14_vul.py": 1759054083.6890862, "CommandInjection\\77_DS-3_vul.py": 1759054083.6190524, "CodeInjection\\94_DS-3_vul.py": 1759054083.5271525, "PathTraversal\\CVE-2024-5548_2.py": 1758865814.9843984, "CodeInjection\\94_DS-8_vul.py": 1759054083.5369458, "XSS\\CVE-2023-27494_0.py": 1758865815.1610408, "CommandInjection\\77_DS-12_vul.py": 1759054083.6350539, "CommandInjection\\77_DS-7_vul.py": 1759054083.6260529, "CommandInjection\\77_DS-9_vul.py": 1759054083.630054, "CodeInjection\\94_DS-14_vul.py": 1759054083.5439484, "Deserialization\\502_DS-3_vul.py": 1759054083.6770513, "XSS\\CVE-2024-7008.py": 1758865815.1510408, "CommandInjection\\77_DS-5_vul.py": 1759054083.623052, "SQLInjection\\89_DS-8_vul.py": 1759054083.868834, "SQLInjection\\89_DS-3_vul.py": 1759054083.855779, "SQLInjection\\89_DS-6_vul.py": 1759054083.8638554, "CommandInjection\\77_DS-15_vul.py": 1759054083.6599092, "PathTraversal\\CVE-2023-42819_2.py": 1758865815.0194058, "CommandInjection\\77_DS-1_vul.py": 1759054083.6160536, "SQLInjection\\89_DS-20_vul.py": 1759054083.8888328, "PathTraversal\\CVE-2023-42819_3.py": 1758865815.020958, "CodeInjection\\94_DS-10_vul.py": 1759054083.5399454, "SQLInjection\\89_DS-19_vul.py": 1759054083.8898342, "CommandInjection\\77_DS-8_vul.py": 1759054083.628052, "Deserialization\\502_DS-5_vul.py": 1759054083.6810846, "SQLInjection\\89_DS-7_vul.py": 1759054083.866834, "CodeInjection\\94_DS-9_vul.py": 1759054083.537946, "CommandInjection\\77_DS-18_vul.py": 1759054083.6658025, "SQLInjection\\89_DS-5_vul.py": 1759054083.8607805, "SQLInjection\\89_DS-17_vul.py": 1759054083.8928344, "Deserialization\\502_DS-7_vul.py": 1759054083.683086, "CommandInjection\\77_DS-6_vul.py": 1759054083.6240518, "CodeInjection\\94_DS-19_vul.py": 1759054083.5499458, "Deserialization\\502_DS-1_vul.py": 1759054083.6748006, "CommandInjection\\77_DS-17_vul.py": 1759054083.663803}