{"CodeInjection\\94_DS-10_vul.txt": 1759125015.8926303, "CodeInjection\\94_DS-12_vul.txt": 1759125229.8903103, "CodeInjection\\94_DS-13_vul.txt": 1759124871.4340787, "CodeInjection\\94_DS-14_vul.txt": 1759125037.828864, "CodeInjection\\94_DS-16_vul.txt": 1759125100.3535855, "CodeInjection\\94_DS-17_vul.txt": 1759124976.4259388, "CodeInjection\\94_DS-18_vul.txt": 1759125012.4946635, "CodeInjection\\94_DS-19_vul.txt": 1759124900.2652628, "CodeInjection\\94_DS-1_vul.txt": 1759124995.0451078, "CodeInjection\\94_DS-20_vul.txt": 1759124904.1857407, "CodeInjection\\94_DS-2_vul.txt": 1759124973.3290186, "CodeInjection\\94_DS-3_vul.txt": 1759124795.5767753, "CodeInjection\\94_DS-4_vul.txt": 1759125028.2894213, "CodeInjection\\94_DS-5_vul.txt": 1759125165.7089846, "CodeInjection\\94_DS-6_vul.txt": 1759125137.1687887, "CodeInjection\\94_DS-7_vul.txt": 1759124887.7386081, "CodeInjection\\94_DS-8_vul.txt": 1759125052.6224577, "CodeInjection\\94_DS-9_vul.txt": 1759124935.0551982, "CodeInjection\\CVE-2023-38941.txt": 1759125209.5066297, "CodeInjection\\CVE-2024-11662.txt": 1759125199.4874117, "CommandInjection\\77_DS-10_vul.txt": 1759125159.3273478, "CommandInjection\\77_DS-11_vul.txt": 1759124988.3285806, "CommandInjection\\77_DS-12_vul.txt": 1759125019.8579922, "CommandInjection\\77_DS-13_vul.txt": 1759125169.4619706, "CommandInjection\\77_DS-15_vul.txt": 1759125226.5461829, "CommandInjection\\77_DS-16_vul.txt": 1759124919.637598, "CommandInjection\\77_DS-17_vul.txt": 1759125122.2475922, "CommandInjection\\77_DS-18_vul.txt": 1759124931.5502174, "CommandInjection\\77_DS-19_vul.txt": 1759124979.7387142, "CommandInjection\\77_DS-1_vul.txt": 1759124762.0607233, "CommandInjection\\77_DS-20_vul.txt": 1759125133.9808228, "CommandInjection\\77_DS-2_vul.txt": 1759124816.7416186, "CommandInjection\\77_DS-3_vul.txt": 1759125126.070017, "CommandInjection\\77_DS-4_vul.txt": 1759125240.3360596, "CommandInjection\\77_DS-5_vul.txt": 1759125212.8150318, "CommandInjection\\77_DS-6_vul.txt": 1759125114.4796143, "CommandInjection\\77_DS-7_vul.txt": 1759124984.2393706, "CommandInjection\\77_DS-8_vul.txt": 1759124938.2653787, "CommandInjection\\77_DS-9_vul.txt": 1759124941.3331792, "CommandInjection\\CVE-2021-43857_0.txt": 1759125141.50435, "CommandInjection\\CVE-2021-43857_1.txt": 1759124964.1535282, "CommandInjection\\CVE-2021-43857_2.txt": 1759124944.9133413, "Deserialization\\502_DS-10_vul.txt": 1759125079.3258457, "Deserialization\\502_DS-14_vul.txt": 1759125202.4041054, "Deserialization\\502_DS-15_vul.txt": 1759124850.199412, "Deserialization\\502_DS-1_vul.txt": 1759124778.9341831, "Deserialization\\502_DS-2_vul.txt": 1759125055.6119604, "Deserialization\\502_DS-3_vul.txt": 1759125035.1579742, "Deserialization\\502_DS-4_vul.txt": 1759125152.9917724, "Deserialization\\502_DS-5_vul.txt": 1759124785.384179, "Deserialization\\502_DS-6_vul.txt": 1759125162.193776, "Deserialization\\502_DS-7_vul.txt": 1759125097.3062284, "Deserialization\\502_DS-8_vul.txt": 1759124970.51728, "Deserialization\\502_DS-9_vul.txt": 1759125045.8128839, "Deserialization\\CVE-2023-50943.txt": 1759124880.5764203, "PathTraversal\\CVE-2021-41185_0.txt": 1759124911.875288, "PathTraversal\\CVE-2021-41185_1.txt": 1759125104.630432, "PathTraversal\\CVE-2021-43775.txt": 1759125001.9060862, "PathTraversal\\CVE-2022-23522.txt": 1759125094.069504, "PathTraversal\\CVE-2022-35918.txt": 1759125176.7265084, "PathTraversal\\CVE-2022-35920_0.txt": 1759124998.567544, "PathTraversal\\CVE-2022-35920_1.txt": 1759124858.32843, "PathTraversal\\CVE-2023-30620.txt": 1759125187.5154374, "PathTraversal\\CVE-2023-42819_0.txt": 1759124803.8511732, "PathTraversal\\CVE-2023-42819_1.txt": 1759125008.8577156, "PathTraversal\\CVE-2023-42819_2.txt": 1759125247.255153, "PathTraversal\\CVE-2023-42819_3.txt": 1759125118.479269, "PathTraversal\\CVE-2023-42819_4.txt": 1759124854.3355634, "PathTraversal\\CVE-2023-42819_5.txt": 1759124770.0769184, "PathTraversal\\CVE-2023-50264.txt": 1759125183.63887, "PathTraversal\\CVE-2023-50265.txt": 1759125110.9288726, "PathTraversal\\CVE-2024-1561.txt": 1759125144.9801805, "PathTraversal\\CVE-2024-5548_0.txt": 1759125222.2367988, "PathTraversal\\CVE-2024-5548_1.txt": 1759124792.177887, "PathTraversal\\CVE-2024-5548_2.txt": 1759125180.680007, "PathTraversal\\CVE-2024-5548_3.txt": 1759124829.9624002, "PathTraversal\\CVE-2024-5926.txt": 1759125062.3908558, "PathTraversal\\CVE-2025-27519.txt": 1759124755.2290504, "SQLInjection\\89_DS-10_vul.txt": 1759124861.918965, "SQLInjection\\89_DS-11_vul.txt": 1759125219.359914, "SQLInjection\\89_DS-12_vul.txt": 1759125072.6569657, "SQLInjection\\89_DS-13_vul.txt": 1759124782.3141265, "SQLInjection\\89_DS-14_vul.txt": 1759124751.5396287, "SQLInjection\\89_DS-15_vul.txt": 1759124836.424994, "SQLInjection\\89_DS-16_vul.txt": 1759124892.6928449, "SQLInjection\\89_DS-17_vul.txt": 1759124766.625504, "SQLInjection\\89_DS-18_vul.txt": 1759124884.3831997, "SQLInjection\\89_DS-19_vul.txt": 1759124788.7690816, "SQLInjection\\89_DS-1_vul.txt": 1759125023.3681352, "SQLInjection\\89_DS-20_vul.txt": 1759124875.7373154, "SQLInjection\\89_DS-2_vul.txt": 1759124820.8670297, "SQLInjection\\89_DS-3_vul.txt": 1759124824.1365054, "SQLInjection\\89_DS-4_vul.txt": 1759125236.877278, "SQLInjection\\89_DS-5_vul.txt": 1759125049.4947765, "SQLInjection\\89_DS-6_vul.txt": 1759124908.57104, "SQLInjection\\89_DS-7_vul.txt": 1759125108.1328294, "SQLInjection\\89_DS-8_vul.txt": 1759125082.8030283, "SQLInjection\\89_DS-9_vul.txt": 1759124747.2414513, "SQLInjection\\CVE-2023-30557.txt": 1759124865.3358948, "SQLInjection\\CVE-2023-30558.txt": 1759125216.3455572, "SQLInjection\\CVE-2023-30605.txt": 1759124774.982167, "SQLInjection\\CVE-2024-25722_0.txt": 1759124927.3171227, "SQLInjection\\CVE-2024-25722_1.txt": 1759125066.8276286, "SQLInjection\\CVE-2024-25722_2.txt": 1759124833.2521214, "SQLInjection\\CVE-2024-25722_3.txt": 1759124947.9299605, "SQLInjection\\CVE-2024-25722_4.txt": 1759125087.3591352, "SQLInjection\\CVE-2024-25722_5.txt": 1759125129.860116, "SQLInjection\\CVE-2024-25722_6.txt": 1759124800.097425, "SQLInjection\\CVE-2024-4890.txt": 1759124960.248636, "XSS\\CVE-2018-1000559.txt": 1759125195.8950894, "XSS\\CVE-2018-15634_0.txt": 1759124839.4458306, "XSS\\CVE-2018-15634_1.txt": 1759125059.4302602, "XSS\\CVE-2018-15635.txt": 1759125233.508027, "XSS\\CVE-2021-25963_0.txt": 1759125156.4745383, "XSS\\CVE-2021-25963_1.txt": 1759124967.4845424, "XSS\\CVE-2021-25963_2.txt": 1759125069.8268259, "XSS\\CVE-2021-25963_3.txt": 1759124742.3271384, "XSS\\CVE-2021-25963_4.txt": 1759124868.27043, "XSS\\CVE-2021-25963_5.txt": 1759125148.699391, "XSS\\CVE-2021-25963_6.txt": 1759125005.0810676, "XSS\\CVE-2021-26947_0.txt": 1759124847.2263484, "XSS\\CVE-2021-26947_1.txt": 1759125041.6722178, "XSS\\CVE-2022-24710_0.txt": 1759124843.2634711, "XSS\\CVE-2022-24710_1.txt": 1759124915.8250577, "XSS\\CVE-2022-39348.txt": 1759125190.953787, "XSS\\CVE-2023-27494_0.txt": 1759125091.1664588, "XSS\\CVE-2023-27494_1.txt": 1759124807.7663288, "XSS\\CVE-2023-6568_0.txt": 1759124991.9321184, "XSS\\CVE-2023-6568_1.txt": 1759124812.7065623, "XSS\\CVE-2023-6568_2.txt": 1759125076.13782, "XSS\\CVE-2024-39863.txt": 1759124923.2876816, "XSS\\CVE-2024-41675.txt": 1759125031.9208677, "XSS\\CVE-2024-5711_0.txt": 1759125243.2833896, "XSS\\CVE-2024-5711_1.txt": 1759124758.0639815, "XSS\\CVE-2024-5711_2.txt": 1759125205.2451615, "XSS\\CVE-2024-5711_3.txt": 1759124827.0692267, "XSS\\CVE-2024-5711_4.txt": 1759125172.6951487, "XSS\\CVE-2024-7008.txt": 1759124896.5011501}