{"CodeInjection\\CVE-2023-38941.txt": 1759026644.0424802, "CodeInjection\\CVE-2024-11662.txt": 1759026468.212492, "CommandInjection\\CVE-2021-43857_0.txt": 1759026699.6980298, "CommandInjection\\CVE-2021-43857_1.txt": 1759026562.2347226, "CommandInjection\\CVE-2021-43857_2.txt": 1759026662.5194988, "Deserialization\\CVE-2023-50943.txt": 1759026510.6795964, "PathTraversal\\CVE-2021-41185_0.txt": 1759026458.7173262, "PathTraversal\\CVE-2021-41185_1.txt": 1759026615.0772848, "PathTraversal\\CVE-2021-43775.txt": 1759026450.2865536, "PathTraversal\\CVE-2022-23522.txt": 1759026481.27142, "PathTraversal\\CVE-2022-35918.txt": 1759026677.5236094, "PathTraversal\\CVE-2022-35920_0.txt": 1759026493.8760588, "PathTraversal\\CVE-2022-35920_1.txt": 1759026454.795833, "PathTraversal\\CVE-2023-30620.txt": 1759026608.279192, "PathTraversal\\CVE-2023-42819_0.txt": 1759026658.7277515, "PathTraversal\\CVE-2023-42819_1.txt": 1759026462.7769656, "PathTraversal\\CVE-2023-42819_2.txt": 1759026517.8521833, "PathTraversal\\CVE-2023-42819_3.txt": 1759026639.8204646, "PathTraversal\\CVE-2023-42819_4.txt": 1759026434.550923, "PathTraversal\\CVE-2023-42819_5.txt": 1759026541.7512896, "PathTraversal\\CVE-2023-50264.txt": 1759026649.4543972, "PathTraversal\\CVE-2023-50265.txt": 1759026442.42767, "PathTraversal\\CVE-2024-1561.txt": 1759026471.4427068, "PathTraversal\\CVE-2024-5548_0.txt": 1759026547.8140318, "PathTraversal\\CVE-2024-5548_1.txt": 1759026583.7194872, "PathTraversal\\CVE-2024-5548_2.txt": 1759026544.8569615, "PathTraversal\\CVE-2024-5548_3.txt": 1759026665.5366652, "PathTraversal\\CVE-2024-5926.txt": 1759026619.0563433, "PathTraversal\\CVE-2025-27519.txt": 1759026565.8812866, "SQLInjection\\CVE-2023-30557.txt": 1759026587.5836518, "SQLInjection\\CVE-2023-30558.txt": 1759026528.1651375, "SQLInjection\\CVE-2023-30605.txt": 1759026673.8408244, "SQLInjection\\CVE-2024-25722_0.txt": 1759026596.2622812, "SQLInjection\\CVE-2024-25722_1.txt": 1759026478.279486, "SQLInjection\\CVE-2024-25722_2.txt": 1759026447.2819197, "SQLInjection\\CVE-2024-25722_3.txt": 1759026438.652625, "SQLInjection\\CVE-2024-25722_4.txt": 1759026551.9925988, "SQLInjection\\CVE-2024-25722_5.txt": 1759026591.824767, "SQLInjection\\CVE-2024-25722_6.txt": 1759026524.243505, "SQLInjection\\CVE-2024-4890.txt": 1759026687.1007302, "XSS\\CVE-2018-1000559.txt": 1759026569.4280374, "XSS\\CVE-2018-15634_0.txt": 1759026426.2633173, "XSS\\CVE-2018-15634_1.txt": 1759026604.7566042, "XSS\\CVE-2018-15635.txt": 1759026576.8139155, "XSS\\CVE-2021-25963_0.txt": 1759026514.0104418, "XSS\\CVE-2021-25963_1.txt": 1759026532.0957556, "XSS\\CVE-2021-25963_2.txt": 1759026611.4081264, "XSS\\CVE-2021-25963_3.txt": 1759026500.7135303, "XSS\\CVE-2021-25963_4.txt": 1759026535.2717528, "XSS\\CVE-2021-25963_5.txt": 1759026600.755052, "XSS\\CVE-2021-25963_6.txt": 1759026430.6683643, "XSS\\CVE-2021-26947_0.txt": 1759026573.7754004, "XSS\\CVE-2021-26947_1.txt": 1759026690.6240077, "XSS\\CVE-2022-24710_0.txt": 1759026485.3602378, "XSS\\CVE-2022-24710_1.txt": 1759026506.5681987, "XSS\\CVE-2022-39348.txt": 1759026626.14674, "XSS\\CVE-2023-27494_0.txt": 1759026669.4902256, "XSS\\CVE-2023-27494_1.txt": 1759026554.6272943, "XSS\\CVE-2023-6568_0.txt": 1759026490.0659225, "XSS\\CVE-2023-6568_1.txt": 1759026580.0540023, "XSS\\CVE-2023-6568_2.txt": 1759026694.5496197, "XSS\\CVE-2024-39863.txt": 1759026497.187847, "XSS\\CVE-2024-41675.txt": 1759026635.1057806, "XSS\\CVE-2024-5711_0.txt": 1759026622.1696694, "XSS\\CVE-2024-5711_1.txt": 1759026629.0504084, "XSS\\CVE-2024-5711_2.txt": 1759026652.7119677, "XSS\\CVE-2024-5711_3.txt": 1759026538.283017, "XSS\\CVE-2024-5711_4.txt": 1759026655.667873, "XSS\\CVE-2024-7008.txt": 1759026558.7407396}