{"CodeInjection\\CVE-2023-38941.txt": 1758882092.0903058, "CodeInjection\\CVE-2024-11662.txt": 1758882413.2752023, "CommandInjection\\CVE-2021-43857_0.txt": 1758882310.0802839, "CommandInjection\\CVE-2021-43857_1.txt": 1758882044.45469, "CommandInjection\\CVE-2021-43857_2.txt": 1758882405.916872, "Deserialization\\CVE-2023-50943.txt": 1758882397.627395, "PathTraversal\\CVE-2021-41185_0.txt": 1758882491.255295, "PathTraversal\\CVE-2021-41185_1.txt": 1758882323.257749, "PathTraversal\\CVE-2021-43775.txt": 1758882232.8701038, "PathTraversal\\CVE-2022-23522.txt": 1758882238.3212802, "PathTraversal\\CVE-2022-35918.txt": 1758882116.276323, "PathTraversal\\CVE-2022-35920_0.txt": 1758882210.3954046, "PathTraversal\\CVE-2022-35920_1.txt": 1758882261.0934448, "PathTraversal\\CVE-2023-30620.txt": 1758882200.0320497, "PathTraversal\\CVE-2023-42819_0.txt": 1758882441.0360587, "PathTraversal\\CVE-2023-42819_1.txt": 1758882485.5305586, "PathTraversal\\CVE-2023-42819_2.txt": 1758882218.7586987, "PathTraversal\\CVE-2023-42819_3.txt": 1758882297.4656463, "PathTraversal\\CVE-2023-42819_4.txt": 1758882433.711784, "PathTraversal\\CVE-2023-42819_5.txt": 1758882371.0771687, "PathTraversal\\CVE-2023-50264.txt": 1758882051.1607969, "PathTraversal\\CVE-2023-50265.txt": 1758882303.4566407, "PathTraversal\\CVE-2024-1561.txt": 1758882420.2442584, "PathTraversal\\CVE-2024-5548_0.txt": 1758882121.720111, "PathTraversal\\CVE-2024-5548_1.txt": 1758882062.6290634, "PathTraversal\\CVE-2024-5548_2.txt": 1758882138.734305, "PathTraversal\\CVE-2024-5548_3.txt": 1758882126.508451, "PathTraversal\\CVE-2024-5926.txt": 1758882191.894635, "PathTraversal\\CVE-2025-27519.txt": 1758882363.8470366, "SQLInjection\\CVE-2023-30557.txt": 1758882035.5810804, "SQLInjection\\CVE-2023-30558.txt": 1758882452.3201673, "SQLInjection\\CVE-2023-30605.txt": 1758882108.7783306, "SQLInjection\\CVE-2024-25722_0.txt": 1758882501.0631118, "SQLInjection\\CVE-2024-25722_1.txt": 1758882330.930981, "SQLInjection\\CVE-2024-25722_2.txt": 1758882226.7676184, "SQLInjection\\CVE-2024-25722_3.txt": 1758882012.944862, "SQLInjection\\CVE-2024-25722_4.txt": 1758882070.9256656, "SQLInjection\\CVE-2024-25722_5.txt": 1758882468.7241435, "SQLInjection\\CVE-2024-25722_6.txt": 1758882099.9250495, "SQLInjection\\CVE-2024-4890.txt": 1758882187.1020062, "XSS\\CVE-2018-1000559.txt": 1758882057.5199387, "XSS\\CVE-2018-15634_0.txt": 1758882426.688808, "XSS\\CVE-2018-15634_1.txt": 1758882382.083842, "XSS\\CVE-2018-15635.txt": 1758882252.494871, "XSS\\CVE-2021-25963_0.txt": 1758881987.135015, "XSS\\CVE-2021-25963_1.txt": 1758882476.7899692, "XSS\\CVE-2021-25963_2.txt": 1758882352.333649, "XSS\\CVE-2021-25963_3.txt": 1758882078.128523, "XSS\\CVE-2021-25963_4.txt": 1758882243.6475837, "XSS\\CVE-2021-25963_5.txt": 1758882007.3506002, "XSS\\CVE-2021-25963_6.txt": 1758882317.4931705, "XSS\\CVE-2021-26947_0.txt": 1758882028.0306928, "XSS\\CVE-2021-26947_1.txt": 1758882390.232283, "XSS\\CVE-2022-24710_0.txt": 1758882157.4055617, "XSS\\CVE-2022-24710_1.txt": 1758882133.9002204, "XSS\\CVE-2022-39348.txt": 1758882289.842864, "XSS\\CVE-2023-27494_0.txt": 1758882274.7094781, "XSS\\CVE-2023-27494_1.txt": 1758882019.725912, "XSS\\CVE-2023-6568_0.txt": 1758882267.7947724, "XSS\\CVE-2023-6568_1.txt": 1758882085.6152122, "XSS\\CVE-2023-6568_2.txt": 1758882460.2298372, "XSS\\CVE-2024-39863.txt": 1758881999.287648, "XSS\\CVE-2024-41675.txt": 1758882149.478499, "XSS\\CVE-2024-5711_0.txt": 1758882279.4665475, "XSS\\CVE-2024-5711_1.txt": 1758882445.9498718, "XSS\\CVE-2024-5711_2.txt": 1758881992.0288846, "XSS\\CVE-2024-5711_3.txt": 1758882338.0269911, "XSS\\CVE-2024-5711_4.txt": 1758882356.7526505, "XSS\\CVE-2024-7008.txt": 1758882345.8101265}