{"CodeInjection\\94_DS-10_vul.txt": 1759054283.3472722, "CodeInjection\\94_DS-12_vul.txt": 1759054202.109648, "CodeInjection\\94_DS-13_vul.txt": 1759054363.1278753, "CodeInjection\\94_DS-14_vul.txt": 1759054245.477008, "CodeInjection\\94_DS-16_vul.txt": 1759054136.949063, "CodeInjection\\94_DS-17_vul.txt": 1759054162.4497373, "CodeInjection\\94_DS-18_vul.txt": 1759054338.2007687, "CodeInjection\\94_DS-19_vul.txt": 1759054316.0196745, "CodeInjection\\94_DS-1_vul.txt": 1759054133.1538007, "CodeInjection\\94_DS-20_vul.txt": 1759054324.8165722, "CodeInjection\\94_DS-2_vul.txt": 1759054369.6740384, "CodeInjection\\94_DS-3_vul.txt": 1759054223.747722, "CodeInjection\\94_DS-4_vul.txt": 1759054180.784787, "CodeInjection\\94_DS-5_vul.txt": 1759054198.5350273, "CodeInjection\\94_DS-6_vul.txt": 1759054209.4811406, "CodeInjection\\94_DS-7_vul.txt": 1759054147.499449, "CodeInjection\\94_DS-8_vul.txt": 1759054230.1972566, "CodeInjection\\94_DS-9_vul.txt": 1759054298.499163, "CodeInjection\\CVE-2023-38941.txt": 1759031386.970523, "CodeInjection\\CVE-2024-11662.txt": 1759031270.5448606, "CommandInjection\\77_DS-10_vul.txt": 1759054186.1849034, "CommandInjection\\77_DS-11_vul.txt": 1759054372.4462788, "CommandInjection\\77_DS-12_vul.txt": 1759054235.8607707, "CommandInjection\\77_DS-13_vul.txt": 1759054350.4524446, "CommandInjection\\77_DS-15_vul.txt": 1759054267.1155047, "CommandInjection\\77_DS-16_vul.txt": 1759054141.0380466, "CommandInjection\\77_DS-17_vul.txt": 1759054322.2080982, "CommandInjection\\77_DS-18_vul.txt": 1759054301.2409885, "CommandInjection\\77_DS-19_vul.txt": 1759054353.2503092, "CommandInjection\\77_DS-1_vul.txt": 1759054273.4897761, "CommandInjection\\77_DS-20_vul.txt": 1759054195.6187901, "CommandInjection\\77_DS-2_vul.txt": 1759054159.7761028, "CommandInjection\\77_DS-3_vul.txt": 1759054220.753902, "CommandInjection\\77_DS-4_vul.txt": 1759054365.9896262, "CommandInjection\\77_DS-5_vul.txt": 1759054254.7794921, "CommandInjection\\77_DS-6_vul.txt": 1759054313.3155975, "CommandInjection\\77_DS-7_vul.txt": 1759054239.1630464, "CommandInjection\\77_DS-8_vul.txt": 1759054288.7515728, "CommandInjection\\77_DS-9_vul.txt": 1759054242.3754644, "CommandInjection\\CVE-2021-43857_0.txt": 1759031240.7617471, "CommandInjection\\CVE-2021-43857_1.txt": 1759031394.099599, "CommandInjection\\CVE-2021-43857_2.txt": 1759031409.2803178, "Deserialization\\502_DS-10_vul.txt": 1759054212.0165577, "Deserialization\\502_DS-14_vul.txt": 1759054218.2952936, "Deserialization\\502_DS-15_vul.txt": 1759054360.3775952, "Deserialization\\502_DS-1_vul.txt": 1759054319.255482, "Deserialization\\502_DS-2_vul.txt": 1759054331.2164435, "Deserialization\\502_DS-3_vul.txt": 1759054248.336737, "Deserialization\\502_DS-4_vul.txt": 1759054327.9785702, "Deserialization\\502_DS-5_vul.txt": 1759054292.1192386, "Deserialization\\502_DS-6_vul.txt": 1759054172.0097086, "Deserialization\\502_DS-7_vul.txt": 1759054309.6106899, "Deserialization\\502_DS-8_vul.txt": 1759054356.8932974, "Deserialization\\502_DS-9_vul.txt": 1759054152.8762174, "Deserialization\\CVE-2023-50943.txt": 1759031400.3275154, "PathTraversal\\CVE-2021-41185_0.txt": 1759031339.181683, "PathTraversal\\CVE-2021-41185_1.txt": 1759031357.266311, "PathTraversal\\CVE-2021-43775.txt": 1759031406.4224274, "PathTraversal\\CVE-2022-23522.txt": 1759031216.759775, "PathTraversal\\CVE-2022-35918.txt": 1759031311.2656643, "PathTraversal\\CVE-2022-35920_0.txt": 1759031317.4560642, "PathTraversal\\CVE-2022-35920_1.txt": 1759031289.8911724, "PathTraversal\\CVE-2023-30620.txt": 1759031346.2910087, "PathTraversal\\CVE-2023-42819_0.txt": 1759031336.5956933, "PathTraversal\\CVE-2023-42819_1.txt": 1759031230.849722, "PathTraversal\\CVE-2023-42819_2.txt": 1759054270.506968, "PathTraversal\\CVE-2023-42819_3.txt": 1759054280.1244059, "PathTraversal\\CVE-2023-42819_4.txt": 1759031243.9708886, "PathTraversal\\CVE-2023-42819_5.txt": 1759031273.5103335, "PathTraversal\\CVE-2023-50264.txt": 1759031380.7768888, "PathTraversal\\CVE-2023-50265.txt": 1759031210.5013847, "PathTraversal\\CVE-2024-1561.txt": 1759031366.4675937, "PathTraversal\\CVE-2024-5548_0.txt": 1759031233.6552415, "PathTraversal\\CVE-2024-5548_1.txt": 1759031286.6324744, "PathTraversal\\CVE-2024-5548_2.txt": 1759054226.4573183, "PathTraversal\\CVE-2024-5548_3.txt": 1759031207.0847166, "PathTraversal\\CVE-2024-5926.txt": 1759031267.284946, "PathTraversal\\CVE-2025-27519.txt": 1759031363.5518074, "SQLInjection\\89_DS-10_vul.txt": 1759054341.4248128, "SQLInjection\\89_DS-11_vul.txt": 1759054165.8284686, "SQLInjection\\89_DS-12_vul.txt": 1759054344.0899146, "SQLInjection\\89_DS-13_vul.txt": 1759054155.9880772, "SQLInjection\\89_DS-14_vul.txt": 1759054192.1575453, "SQLInjection\\89_DS-15_vul.txt": 1759054168.5179315, "SQLInjection\\89_DS-16_vul.txt": 1759054206.3481238, "SQLInjection\\89_DS-17_vul.txt": 1759054306.8611345, "SQLInjection\\89_DS-18_vul.txt": 1759054144.1906912, "SQLInjection\\89_DS-19_vul.txt": 1759054286.1205752, "SQLInjection\\89_DS-1_vul.txt": 1759054177.5867999, "SQLInjection\\89_DS-20_vul.txt": 1759054276.205624, "SQLInjection\\89_DS-2_vul.txt": 1759054347.6698613, "SQLInjection\\89_DS-3_vul.txt": 1759054260.8237383, "SQLInjection\\89_DS-4_vul.txt": 1759054215.0665088, "SQLInjection\\89_DS-5_vul.txt": 1759054303.91262, "SQLInjection\\89_DS-6_vul.txt": 1759054263.8661027, "SQLInjection\\89_DS-7_vul.txt": 1759054295.069224, "SQLInjection\\89_DS-8_vul.txt": 1759054257.4634676, "SQLInjection\\89_DS-9_vul.txt": 1759054189.1891758, "SQLInjection\\CVE-2023-30557.txt": 1759031302.3758266, "SQLInjection\\CVE-2023-30558.txt": 1759031333.4970286, "SQLInjection\\CVE-2023-30605.txt": 1759031314.4425714, "SQLInjection\\CVE-2024-25722_0.txt": 1759031329.9470818, "SQLInjection\\CVE-2024-25722_1.txt": 1759031277.466331, "SQLInjection\\CVE-2024-25722_2.txt": 1759031296.161587, "SQLInjection\\CVE-2024-25722_3.txt": 1759031283.6895988, "SQLInjection\\CVE-2024-25722_4.txt": 1759031370.0260322, "SQLInjection\\CVE-2024-25722_5.txt": 1759031349.518362, "SQLInjection\\CVE-2024-25722_6.txt": 1759031377.7658381, "SQLInjection\\CVE-2024-4890.txt": 1759031257.9386861, "XSS\\CVE-2018-1000559.txt": 1759031320.5137725, "XSS\\CVE-2018-15634_0.txt": 1759031247.9978366, "XSS\\CVE-2018-15634_1.txt": 1759031293.1747613, "XSS\\CVE-2018-15635.txt": 1759031280.764788, "XSS\\CVE-2021-25963_0.txt": 1759031373.433333, "XSS\\CVE-2021-25963_1.txt": 1759031223.6439357, "XSS\\CVE-2021-25963_2.txt": 1759031261.039705, "XSS\\CVE-2021-25963_3.txt": 1759031383.8059826, "XSS\\CVE-2021-25963_4.txt": 1759031403.8006463, "XSS\\CVE-2021-25963_5.txt": 1759054335.2157254, "XSS\\CVE-2021-25963_6.txt": 1759031204.2633665, "XSS\\CVE-2021-26947_0.txt": 1759031390.917682, "XSS\\CVE-2021-26947_1.txt": 1759031299.3922946, "XSS\\CVE-2022-24710_0.txt": 1759031236.8757706, "XSS\\CVE-2022-24710_1.txt": 1759031323.6093895, "XSS\\CVE-2022-39348.txt": 1759054183.6469748, "XSS\\CVE-2023-27494_0.txt": 1759054233.3645513, "XSS\\CVE-2023-27494_1.txt": 1759031226.6476605, "XSS\\CVE-2023-6568_0.txt": 1759031214.0324788, "XSS\\CVE-2023-6568_1.txt": 1759031397.4459853, "XSS\\CVE-2023-6568_2.txt": 1759031264.6283555, "XSS\\CVE-2024-39863.txt": 1759031220.3927884, "XSS\\CVE-2024-41675.txt": 1759031352.720585, "XSS\\CVE-2024-5711_0.txt": 1759031307.5754175, "XSS\\CVE-2024-5711_1.txt": 1759031359.9720232, "XSS\\CVE-2024-5711_2.txt": 1759031326.419806, "XSS\\CVE-2024-5711_3.txt": 1759031305.0968733, "XSS\\CVE-2024-5711_4.txt": 1759054150.1793916, "XSS\\CVE-2024-7008.txt": 1759054252.1790645}